URL,First Two Sentences
https://www.dailymail.co.uk/health/article-13184207/New-weight-loss-wonder-drugs-work-BETTER-Ozempic.html,"By John Naish   Published:  21:39 EDT, 11 March 2024   |  Updated:  21:39 EDT, 11 March 2024      View  comments  Tempted to try Ozempic or Wegovy? These weight-loss wonder drugs are riding a tidal wave of popularity, helped no doubt by celebrity endorsements, with seemingly everyone from Sharon Osbourne to Elon Musk reportedly benefiting from the weekly jabs."
https://www.bloomberg.com/news/articles/2024-03-11/wegovy-s-newly-verified-heart-benefits-under-medicare-review?srnd=all,"To continue, please click the box below to let us know you're not a robot. Please make sure your browser supports JavaScript and cookies and that you are not
            blocking them from loading."
https://www.healthline.com/health/drugs/ritalin-interactions,"Ritalin (methylphenidate) is a prescription drug used to treat ADHD and narcolepsy. Ritalin can interact with alcohol, other medications, and some supplements."
https://insidehealthpolicy.com/daily-news/glp-1s-twice-effective-when-combined-virtual-care,© 2002-2024. Inside Washington Publishers | Contact Us
https://www.bioworld.com/articles/706508-novos-wegovy-adds-another-indication-with-fda-approval,"Subscribe to BioWorld™ news services Enjoy extended coverage for the most complete market view with BioWorld, BioWorld MedTech, and BioWorld Asia in a single, easy to access subscription. Copyright ©2024."
https://www.law360.com/articles/1810394/behind-the-cvr-spin-method-of-unlocking-assets-in-m-a,"
				Try our Advanced Search for more refined results
			 Expert Analysis A Law360 subscription puts you at the center of fast-moving legal issues, trends and developments so you can act with speed and confidence. Over 200 articles are published daily across more than 60 topics, industries, practice areas and jurisdictions."
https://www.smartkarma.com/home/market-movers/eli-lilly-and-companys-stock-price-hits-734-37-experiencing-3-64-decline-time-to-buy/,"734.37 USD -27.77 (-3.64%) Volume: 3.97M Eli Lilly and Company’s stock price stands at 734.37 USD, experiencing a dip of -3.64% this trading session with a trading volume of 3.97M. Despite the recent drop, the pharmaceutical giant boasts a robust YTD increase of +25.98%, signaling potential long-term growth for investors."
https://www.fastcompany.com/91055611/wegovy-is-no-longer-just-a-weight-loss-drug,
https://www.verywellhealth.com/wegovy-heart-disease-prevention-approval-8607566,"Verywell / Julie Bang 
The Food and Drug Administration (FDA) approved Novo Nordisk’s popular weight loss drug Wegovy for a new indication, extending its use to the prevention of heart attacks, stroke, and other cardiovascular problems in adults with heart disease and who have overweight or obesity. The approval was based on a study that demonstrated Wegovy significantly lowered the risk of major adverse cardiovascular events."
https://www.news-medical.net/news/20240311/Study-reveals-mushroom-extracts-superior-efficacy-in-psychiatric-treatment.aspx,"New study indicates that mushroom extract might demonstrate superior efficacy compared to chemically synthesized psilocybin, especially in stimulating neuroplasticity and promoting the development of new connections between nerve cells—an essential attribute. This discovery unveils potential applications for addressing conditions such as depression, PTSD, and schizophrenia."
https://www.beckersasc.com/anesthesia/aana-posts-new-guidelines-on-weight-loss-drugs.html,
https://www.insideindianabusiness.com/articles/lilly-jabs-at-people-who-use-new-weight-loss-drugs-for-vanity,Do you want to lose five or 10 pounds to fit into that fancy tux or party dress? Eli Lilly and Co. has a new message for you: Don’t take prescription weight-loss drugs for vanity.
https://www.hometownregister.com/news/state/ohio-county-health-news-wegovy-now-a-game-changer-in-heart-health-doctor-explains/image_03ee3c0c-b05d-5fb9-9985-1d661e3602dc.html,Abundant sunshine. High 63F.
https://www.pdclarion.com/news/state/ohio-county-health-news-wegovy-now-a-game-changer-in-heart-health-doctor-explains/image_8c180b9d-ccec-57e1-b406-a054952e63a2.html,A clear sky. Low near 40F.
https://www.beckerspayer.com/policy-updates/a-paradigm-shift-in-weight-loss-drug-coverage.html,
https://www.atlantanewsfirst.com/2024/03/11/fda-evaluating-miracle-weight-loss-drugs-like-ozempic-suicide-risk/,"ATLANTA, Ga. (Atlanta News First) - Clint Etheridge woke up after two days in the hospital. He had not expected to survive."
https://healthnews.com/news/wegovy-can-now-be-prescribed-for-its-heart-health-benefits/,
https://www.contractpharma.com/issues/2024-03-01/view_features/manufacturing-equipment-trends-482338/,"Equipment suppliers share insight into the latest R&D trends, challenges, and advances in today’s manufacturing equipment. Cookies help us to provide you with an excellent service."
https://www.geneonline.com/wegovy-approved-to-reduce-cardiovascular-risk/,"The U.S. Food and Drug Administration (FDA) has expanded the approved uses of Wegovy (semaglutide) injection. In a landmark decision, Wegovy is now indicated to reduce the risk of cardiovascular death, heart attack, and stroke in adults with established cardiovascular disease (CVD) and either obesity or overweight."
https://nyulangone.org/news/nyu-langone-health-news-monday-march-11-2024,"
                        We use cookies and similar tools to give you the best website experience. By using our site, you accept our
                                                    
Websites Privacy Policy."
